orderId,amount,currency,comment
1,100,usd,orderpayment
2,200,vnd,orderpayment
3,300,vnd,orderpayment
4,400,vnd,orderpayment
5,500,vnd,orderpayment
6,600,vnd,orderpayment
7,700,vnd,orderpayment
8,800,vnd,orderpayment
9,900,vnd,orderpayment
10,1000,vnd,orderpayment
11,1100,vnd,orderpayment
12,1200,vnd,orderpayment
13,1300,vnd,orderpayment
14,1400,vnd,orderpayment
15,1500,vnd,orderpayment
16,1600,vnd,orderpayment
17,1700,vnd,orderpayment
18,1800,vnd,orderpayment
19,1900,vnd,orderpayment
20,2000,vnd,orderpayment
21,2100,vnd,orderpayment
22,2200,vnd,orderpayment
23,2300,vnd,orderpayment
24,2400,vnd,orderpayment
25,2500,vnd,orderpayment
26,2600,vnd,orderpayment
27,2700,vnd,orderpayment
28,2800,vnd,orderpayment
29,2900,vnd,orderpayment
30,3000,vnd,orderpayment
31,3100,vnd,orderpayment
32,3200,vnd,orderpayment
33,3300,vnd,orderpayment
34,3400,vnd,orderpayment
35,3500,vnd,orderpayment
36,3600,vnd,orderpayment
